cell,band
0,33.26041276630144
1,32.740944721127036
2,33.998639522773345
